<?xml version="1.0" encoding="utf-8"?>
<CustomDevice xmlns:xsi="http://www.w3.org/2001/XMLSchema-instance" xsi:noNamespaceSchemaLocation="Custom Device.xsd">
<XSDVersion Major="2010" Minor="0" Fix="0" Build="0" />
  <AddMenu>
    <eng>LIN Frame Protection Addon</eng>
    <loc>LIN Frame Protection Addon</loc>
  </AddMenu>
  <Version>1.0.0</Version>
  <Type>Inline Model Interface</Type>
  <MaxOccurrence>1</MaxOccurrence>
  <MainPageGUID>ce747db1-c753-4820-92b9-411d84571b92</MainPageGUID>
  <InitializationVI>
    <Type>Action</Type>
    <Item2Launch>
      <Type>To Common Doc Dir</Type>
		<Path>Custom Devices\LIN Frame Protection Addon\LIN Frame Protection Addon Configuration.llb\Initialization VI.vi</Path>
    </Item2Launch>
  </InitializationVI>
  <CustomDeviceVI>
		<SourceDistribution>
			<Source>
				<SupportedTarget>Windows</SupportedTarget>
				<Source>
					<Type>To Common Doc Dir</Type>
					<Path>Custom Devices\LIN Frame Protection Addon\LIN Frame Protection Addon Engine Windows.llb\RT Driver VI.vi</Path>
				</Source>
				<RealTimeSystemDestination>c:\ni-rt\VeriStand\Custom Devices\LIN Frame Protection Addon\LIN Frame Protection Addon Engine Windows.llb\RT Driver VI.vi</RealTimeSystemDestination>
			</Source>
			<Source>
				<SupportedTarget>Linux_x64</SupportedTarget>
				<Source>
					<Type>To Common Doc Dir</Type>
					<Path>Custom Devices\LIN Frame Protection Addon\LIN Frame Protection Addon Engine Linux64.llb\RT Driver VI.vi</Path>
				</Source>
				<RealTimeSystemDestination>c:\ni-rt\VeriStand\Custom Devices\LIN Frame Protection Addon\LIN Frame Protection Addon Engine Linux64.llb\RT Driver VI.vi</RealTimeSystemDestination>
			</Source>
		</SourceDistribution>
	</CustomDeviceVI>
  <Dependencies />
  <Pages>
    <Page>
      <Name>
        <eng>LIN Frame Protection Addon</eng>
        <loc>LIN Frame Protection Addon</loc>
      </Name>
      <GUID>ce747db1-c753-4820-92b9-411d84571b92</GUID>
      <Glyph>
			<Type>To Application Data Dir</Type>
			<Path>System Explorer\Glyphs\xnet.png</Path>
		</Glyph>
      <Item2Launch>
        <Type>To Common Doc Dir</Type>
		<Path>Custom Devices\LIN Frame Protection Addon\LIN Frame Protection Addon Configuration.llb\Main Page.vi</Path>
      </Item2Launch>
	  <RunTimeMenu>
				<MenuItem>
					<GUID>4733d1e7-fc02-4e27-be4e-9d2e12f6fe6f</GUID>
					<Type>Action</Type>
					<Name>
						<eng>Disable</eng>
						<loc>Disable</loc>
					</Name>
					<Item2Launch>
						<Type>To Common Doc Dir</Type>
						<Path>Custom Devices\LIN Frame Protection Addon\LIN Frame Protection Addon Configuration.llb\EnableDisable Main Page.vi</Path>
					</Item2Launch>
				</MenuItem>
				<MenuItem>
					<GUID>7755077A-1485-13A6-5674A23FB86277FF</GUID>
					<Type>Separator</Type>
					<Name>
						<eng>.</eng>
						<loc>.</loc>
					</Name>
					<Item2Launch>
						<Type>Absolute</Type>
						<Path>.</Path>
					</Item2Launch>
				</MenuItem>
				<MenuItem>
					<GUID>77550670-1485-13A6-568B9AB41979630D</GUID>
					<Type>Action</Type>
					<Name>
						<eng>Delete</eng>
						<loc>Delete</loc>
					</Name>
					<Item2Launch>
						<Type>Absolute</Type>
						<Path>Actions\Delete.vi</Path>
					</Item2Launch>
				</MenuItem>
				<MenuItem>
					<GUID>03D3BE0A-1485-13A6-563AEB9BF271825A</GUID>
					<Type>VI</Type>
					<MinNrOfChilds>1</MinNrOfChilds>
					<Name>
						<eng>Delete Multiple Items</eng>
						<loc>Delete Multiple Items</loc>
					</Name>
					<Item2Launch>
						<Type>Absolute</Type>
						<Path>Dialogs\Delete Multiple Items.vi</Path>
					</Item2Launch>
				</MenuItem>
			</RunTimeMenu>
			<ActionVIOnDelete>
				<Type>To Common Doc Dir</Type>
				<Path>Custom Devices\LIN Frame Protection Addon\LIN Frame Protection Addon Configuration.llb\ActionVIOnDelete_RemoveSystemMappings_Parent.vi</Path>
			</ActionVIOnDelete> 
    </Page>
	<Page>
	<Name>
				<eng>LIN Frame Protection Addon</eng>
				<loc>LIN Frame Protection Addon</loc>


			</Name>
			<GUID>ac3d5221-c9c0-44f4-a291-06920e8a9c9a</GUID>

			<Glyph>
				<Type>To Application Data Dir</Type>
				<Path>System Explorer\Glyphs\xnet_disabled.png</Path>
			</Glyph>
			<Item2Launch>
				<Type>To Common Doc Dir</Type>
				<Path>Custom Devices\LIN Frame Protection Addon\LIN Frame Protection Addon Configuration.llb\Main Page.vi</Path>
			</Item2Launch>
			<RunTimeMenu>
				<MenuItem>
					<GUID>4733d1e7-fc02-4e27-be4e-9d2e12f6fe6f</GUID>
					<Type>Action</Type>
					<Name>
						<eng>Enable</eng>
						<loc>Enable</loc>
					</Name>
					<Item2Launch>
						<Type>To Common Doc Dir</Type>
						<Path>Custom Devices\LIN Frame Protection Addon\LIN Frame Protection Addon Configuration.llb\EnableDisable Main Page.vi</Path>
					</Item2Launch>
				</MenuItem>
				<MenuItem>
					<GUID>7755077A-1485-13A6-5674A23FB86277FF</GUID>
					<Type>Separator</Type>
					<Name>
						<eng>.</eng>
						<loc>.</loc>
					</Name>
					<Item2Launch>
						<Type>Absolute</Type>
						<Path>.</Path>
					</Item2Launch>
				</MenuItem>
				<MenuItem>
					<GUID>77550670-1485-13A6-568B9AB41979630D</GUID>
					<Type>Action</Type>
					<Name>
						<eng>Delete</eng>
						<loc>Delete</loc>
					</Name>
					<Item2Launch>
						<Type>Absolute</Type>
						<Path>Actions\Delete.vi</Path>
					</Item2Launch>
				</MenuItem>
				<MenuItem>
					<GUID>03D3BE0A-1485-13A6-563AEB9BF271825A</GUID>
					<Type>VI</Type>
					<MinNrOfChilds>1</MinNrOfChilds>
					<Name>
						<eng>Delete Multiple Items</eng>
						<loc>Delete Multiple Items</loc>
					</Name>
					<Item2Launch>
						<Type>Absolute</Type>
						<Path>Dialogs\Delete Multiple Items.vi</Path>
					</Item2Launch>
				</MenuItem>
			</RunTimeMenu>
			<ActionVIOnDelete>
				<Type>To Common Doc Dir</Type>
				<Path>Custom Devices\LIN Frame Protection Addon\LIN Frame Protection Addon Configuration.llb\ActionVIOnDelete_RemoveSystemMappings_Parent.vi</Path>
			</ActionVIOnDelete>
		</Page> 
<Page>
      <Name>
        <eng>Frame Configuration Page</eng>
        <loc>Frame Configuration Page</loc>
      </Name>
      <GUID>080faed8-00b0-4df2-aec4-78e1bf3caf32</GUID>
      <Glyph>
			<Type>To Application Data Dir</Type>
			<Path>System Explorer\Glyphs\NI-XNET SignalFrame.png</Path>
		</Glyph>
      <Item2Launch>
        <Type>To Common Doc Dir</Type>
		<Path>Custom Devices\LIN Frame Protection Addon\LIN Frame Protection Addon Configuration.llb\Frame Configuration Page.vi</Path>
      </Item2Launch>
	  <RunTimeMenu>
				<MenuItem>
					<GUID>f2d1b050-2326-45a6-8773-4df1eaf557eb</GUID>
					<Type>Action</Type>
					<Name>
						<eng>Select Channels</eng>
						<loc>Select Channels</loc>
					</Name>
					<Item2Launch>
						<Type>To Common Doc Dir</Type>
						<Path>Custom Devices\LIN Frame Protection Addon\LIN Frame Protection Addon Configuration.llb\Select Channels.vi</Path>
					</Item2Launch>
				</MenuItem>
				<MenuItem>
					<GUID>7755077A-1485-13A6-5674A23FB86277FF</GUID>
					<Type>Separator</Type>
					<Name>
						<eng>.</eng>
						<loc>.</loc>
					</Name>
					<Item2Launch>
						<Type>Absolute</Type>
						<Path>.</Path>
					</Item2Launch>
				</MenuItem>
				<MenuItem>
					<GUID>77550670-1485-13A6-568B9AB41979630D</GUID>
					<Type>Action</Type>
					<Name>
						<eng>Delete</eng>
						<loc>Delete</loc>
					</Name>
					<Item2Launch>
						<Type>Absolute</Type>
						<Path>Actions\Delete.vi</Path>
					</Item2Launch>
				</MenuItem>
			</RunTimeMenu>
			<ButtonList>
				<Button>
					<ID>Select Channels</ID>
					<Glyph>
						<Type>To Application Data Dir</Type>
						<Path>System Explorer\Glyphs\Add Multiple Alias.png</Path>
					</Glyph>
					<Type>Action</Type>
					<ReferencedGUID>f2d1b050-2326-45a6-8773-4df1eaf557eb</ReferencedGUID>
					<ButtonText>
						<eng>Select Channels</eng>
						<loc>Select Channels</loc>
					</ButtonText>
					<Caption>
						<eng>Select Channels</eng>
						<loc>Select Channels</loc>
					</Caption>
					<TipStrip>
						<eng>Select Channels</eng>
						<loc>Select Channels</loc>
					</TipStrip>
					<Documentation>
						<eng />
						<loc />
					</Documentation>
				</Button>
			</ButtonList>
			<ActionVIOnDelete>
				<Type>To Common Doc Dir</Type>
				<Path>Custom Devices\LIN Frame Protection Addon\LIN Frame Protection Addon Configuration.llb\ActionVIOnDelete_RemoveSystemMappings.vi</Path>
			</ActionVIOnDelete>
    </Page>
<Page>
      <Name>
        <eng>Generation</eng>
        <loc>Generation</loc>
      </Name>
	  <DisallowRenaming>true</DisallowRenaming>
	  <DeleteProtection>true</DeleteProtection>
      <GUID>f13b48ba-08da-41b2-b56f-dc3afba5b864</GUID>
      <Glyph>
			<Type>To Application Data Dir</Type>
			<Path>System Explorer\Glyphs\xnet outgoing.png</Path>
		</Glyph>
      <Item2Launch>
        <Type>To Common Doc Dir</Type>
		<Path>Custom Devices\LIN Frame Protection Addon\LIN Frame Protection Addon Configuration.llb\Generate Page.vi</Path>
      </Item2Launch>
	  <RunTimeMenu>
				<MenuItem>
					<GUID>48379695-25bf-47b1-ab5b-112b08094ddd</GUID>
					<Type>Action</Type>
					<Name>
						<eng>Add Configuration</eng>
						<loc>Add Configuration</loc>
					</Name>
					<Item2Launch>
						<Type>To Common Doc Dir</Type>
						<Path>Custom Devices\LIN Frame Protection Addon\LIN Frame Protection Addon Configuration.llb\Add Frame Configuration.vi</Path>
					</Item2Launch>
				</MenuItem>
				<MenuItem>
					<GUID>7755077A-1485-13A6-5674A23FB86277FF</GUID>
					<Type>Separator</Type>
					<Name>
						<eng>.</eng>
						<loc>.</loc>
					</Name>
					<Item2Launch>
						<Type>Absolute</Type>
						<Path>.</Path>
					</Item2Launch>
				</MenuItem>
				<MenuItem>
					<GUID>03D3BE0A-1485-13A6-563AEB9BF271825A</GUID>
					<Type>VI</Type>
					<MinNrOfChilds>1</MinNrOfChilds>
					<Name>
						<eng>Delete Multiple Items</eng>
						<loc>Delete Multiple Items</loc>
					</Name>
					<Item2Launch>
						<Type>Absolute</Type>
						<Path>Dialogs\Delete Multiple Items.vi</Path>
					</Item2Launch>
				</MenuItem>
			</RunTimeMenu>
			<ButtonList>
				<Button>
					<ID>Add Configuration</ID>
					<Glyph>
						<Type>To Application Data Dir</Type>
						<Path>System Explorer\Glyphs\Add Procedures.png</Path>
					</Glyph>
					<Type>Action</Type>
					<ReferencedGUID>48379695-25bf-47b1-ab5b-112b08094ddd</ReferencedGUID>
					<ButtonText>
						<eng>Add Configuration</eng>
						<loc>Add Configuration</loc>
					</ButtonText>
					<Caption>
						<eng>Add Configuration</eng>
						<loc>Add Configuration</loc>
					</Caption>
					<TipStrip>
						<eng>Add Configuration</eng>
						<loc>Add Configuration</loc>
					</TipStrip>
					<Documentation>
						<eng />
						<loc />
					</Documentation>
				</Button>
			</ButtonList>
			<ActionVIOnDelete>
				<Type>To Common Doc Dir</Type>
				<Path>Custom Devices\LIN Frame Protection Addon\LIN Frame Protection Addon Configuration.llb\ActionVIOnDelete_RemoveSystemMappings.vi</Path>
			</ActionVIOnDelete>
    </Page>
<Page>
      <Name>
        <eng>Monitor</eng>
        <loc>Monitor</loc>
      </Name>
	  <DisallowRenaming>true</DisallowRenaming>
	  <DeleteProtection>true</DeleteProtection>
      <GUID>46c0c29d-91f6-4a25-a156-b8ef24eac378</GUID>
      <Glyph>
			<Type>To Application Data Dir</Type>
			<Path>System Explorer\Glyphs\xnet incoming.png</Path>
		</Glyph>
      <Item2Launch>
        <Type>To Common Doc Dir</Type>
		<Path>Custom Devices\LIN Frame Protection Addon\LIN Frame Protection Addon Configuration.llb\Monitor Page.vi</Path>
      </Item2Launch>
	  <RunTimeMenu>
				<MenuItem>
					<GUID>48379695-25bf-47b1-ab5b-112b08094ddc</GUID>
					<Type>Action</Type>
					<Name>
						<eng>Add Configuration</eng>
						<loc>Add Configuration</loc>
					</Name>
					<Item2Launch>
						<Type>To Common Doc Dir</Type>
						<Path>Custom Devices\LIN Frame Protection Addon\LIN Frame Protection Addon Configuration.llb\Add Frame Configuration.vi</Path>
					</Item2Launch>
				</MenuItem>
				<MenuItem>
					<GUID>7755077A-1485-13A6-5674A23FB86277FF</GUID>
					<Type>Separator</Type>
					<Name>
						<eng>.</eng>
						<loc>.</loc>
					</Name>
					<Item2Launch>
						<Type>Absolute</Type>
						<Path>.</Path>
					</Item2Launch>
				</MenuItem>
				<MenuItem>
					<GUID>03D3BE0A-1485-13A6-563AEB9BF271825A</GUID>
					<Type>VI</Type>
					<MinNrOfChilds>1</MinNrOfChilds>
					<Name>
						<eng>Delete Multiple Items</eng>
						<loc>Delete Multiple Items</loc>
					</Name>
					<Item2Launch>
						<Type>Absolute</Type>
						<Path>Dialogs\Delete Multiple Items.vi</Path>
					</Item2Launch>
				</MenuItem>
			</RunTimeMenu>
			<ButtonList>
				<Button>
					<ID>Add Configuration</ID>
					<Glyph>
						<Type>To Application Data Dir</Type>
						<Path>System Explorer\Glyphs\Add Procedures.png</Path>
					</Glyph>
					<Type>Action</Type>
					<ReferencedGUID>48379695-25bf-47b1-ab5b-112b08094ddc</ReferencedGUID>
					<ButtonText>
						<eng>Add Configuration</eng>
						<loc>Add Configuration</loc>
					</ButtonText>
					<Caption>
						<eng>Add Configuration</eng>
						<loc>Add Configuration</loc>
					</Caption>
					<TipStrip>
						<eng>Add Configuration</eng>
						<loc>Add Configuration</loc>
					</TipStrip>
					<Documentation>
						<eng />
						<loc />
					</Documentation>
				</Button>
			</ButtonList>
			<ActionVIOnDelete>
				<Type>To Common Doc Dir</Type>
				<Path>Custom Devices\LIN Frame Protection Addon\LIN Frame Protection Addon Configuration.llb\ActionVIOnDelete_RemoveSystemMappings.vi</Path>
			</ActionVIOnDelete>
    </Page>
<Page>
      <Name>
        <eng>Protection Channel</eng>
        <loc>Protection Channel</loc>
      </Name>
	  <DisallowRenaming>true</DisallowRenaming>
	  <DeleteProtection>true</DeleteProtection>
      <GUID>6cc69156-b54d-4826-9e4e-4b8a23c5091b</GUID>
      <Glyph>
			<Type>To Application Data Dir</Type>
			<Path>System Explorer\Glyphs\default fpga category.png</Path>
		</Glyph>
      <Item2Launch>
        <Type>To Common Doc Dir</Type>
		<Path>Custom Devices\LIN Frame Protection Addon\LIN Frame Protection Addon Configuration.llb\Protection Channel.vi</Path>
      </Item2Launch>
    </Page>
<Page>
      <Name>
        <eng>Protection Valid Channel</eng>
        <loc>Protection Valid Channel</loc>
      </Name>
	  <DisallowRenaming>true</DisallowRenaming>
	  <DeleteProtection>true</DeleteProtection>
      <GUID>9276a97d-3f8a-408d-abe9-bee8bcaeaa49</GUID>
      <Glyph>
			<Type>To Application Data Dir</Type>
			<Path>System Explorer\Glyphs\default fpga category.png</Path>
		</Glyph>
      <Item2Launch>
        <Type>To Common Doc Dir</Type>
		<Path>Custom Devices\LIN Frame Protection Addon\LIN Frame Protection Addon Configuration.llb\Protection Valid Channel.vi</Path>
      </Item2Launch>
    </Page>
<Page>
      <Name>
        <eng>Rolling Counter Channel</eng>
        <loc>Rolling Counter Channel</loc>
      </Name>
      <GUID>7762d13c-0e79-4a98-8860-3f1fdd9b969e</GUID>
      <Glyph>
			<Type>To Application Data Dir</Type>
			<Path>System Explorer\Glyphs\default fpga category.png</Path>
		</Glyph>
      <Item2Launch>
        <Type>To Common Doc Dir</Type>
		<Path>Custom Devices\LIN Frame Protection Addon\LIN Frame Protection Addon Configuration.llb\Rolling Counter Channel.vi</Path>
      </Item2Launch>
    </Page>
  </Pages>
  <CustomXML>
    <Dummy></Dummy>
  </CustomXML>
</CustomDevice>